{
  "accuracy": 0.5057339449541285,
  "f1": 0.38009457102980765,
  "precision": 0.4876411183711806,
  "recall": 0.5057339449541285,
  "mode": "lora"
}